rs_identifier;phenotype_id;name
rs1000113;10;risk factor
rs10030601;12;association
rs1004819;10;risk factor
rs10069690 ;2;association
rs1011970  ;2;association
rs10166942;18;decreased risk
rs1017226  ;6;association
rs10210302;10;increased risk
rs1044352;11;association
rs10472076 ;2;association
rs10474352 ;2;association
rs10496964;12;association
rs10759243 ;2;association
rs10761659;10;risk factor
rs10816625 ;2;association
rs10822013 ;2;association
rs10941679 ;2;association
rs10995190 ;2;association
rs11075995 ;2;association
rs11075995 ;3;association
rs11155804 ;3;association
rs111577701;11;association
rs11200014 ;2;association
rs11209026;10;protective
rs11249433 ;2;association
rs1128535;9;risk factor
rs113701136;8;association
rs113701136;3;association
rs11523871;2;association
rs11552449 ;2;association
rs11780156 ;2;association
rs11805303;10;risk factor
rs11814448 ;2;association
rs11861787;13;risk factor
rs11861787;13;association
rs11861787;13;decreased risk
rs11861787;13;pathogenic
rs11890028;12;association
rs11977670 ;2;association
rs12037606;9;risk factor
rs12059546;12;association
rs1219648  ;2;association
rs12255372;2;association
rs12355688 ;2;association
rs12422552 ;2;association
rs12493607 ;2;association
rs12628403 ;2;association
rs12655019 ;5;association
rs12662670 ;3;association
rs12720541;12;association
rs12744221;13;association
rs12870942 ;3;association
rs12922061 ;2;association
rs12987787;11;association
rs12998806 ;4;association
rs13026414;12;association
rs13074711 ;2;association
rs132390   ;2;association
rs13281615 ;2;association
rs13281615 ;3;association
rs13294895 ;2;association
rs13329835 ;2;association
rs13361189;10;Increased risk
rs13387042 ;2;association
rs13393577 ;2;association
rs140068132;21;protective
rs1432679  ;2;association
rs143536437;13;association
rs1490157;20;association
rs1501299;2;association
rs16857609 ;2;association
rs16886034 ;5;association
rs16886113 ;5;association
rs16886181 ;5;association
rs16886364 ;5;association
rs16886448 ;5;association
rs16944;15;association
rs17221417;10;increased risk
rs17234657;10;risk factor
rs17350191 ;3;association
rs1793004;10;decreased risk
rs1800054  ;7;risk factor
rs1800058;2;association
rs1800629;1;drug response
rs1800629;14;drug response
rs1800629;16;drug response
rs1800629;23;drug response
rs1801157;2;association
rs1805057;22;pathogenic
rs1805057;22;risk factor
rs1805057;22;association
rs1835740;19;risk factor
rs1939012;11;association
rs1992660;10;decreased risk
rs1992662;9;decreased risk
rs2012709  ;2;association
rs204247   ;2;association
rs2056116;2;association
rs2076756;10;increased risk
rs2201841;10;increased risk
rs2229882  ;5;association
rs2229882  ;6;association
rs2241880;10;Increased risk
rs2242652  ;2;association
rs2242652  ;3;association
rs2268578;2;association
rs2284378  ;2;association
rs2290203  ;2;association
rs2392780  ;5;association
rs2420946  ;24;association
rs2542151;10;risk factor
rs2588809  ;2;association
rs2601828;20;association
rs2651899;18;increased risk
rs2717068;12;association
rs28498976;11;association
rs2912774  ;5;association
rs2943559  ;2;association
rs2947349;11;association
rs2981578  ;2;association
rs2981579  ;2;association
rs3176336;2;association
rs3218005;2;association
rs34330;2;association
rs346291;20;association
rs3757322  ;2;association
rs3760982  ;2;association
rs3803662  ;2;association
rs3817198  ;2;association
rs3822625  ;5;association
rs39861;12;association
rs4245739  ;3;association
rs4415084  ;2;association
rs4784223  ;5;association
rs4784227  ;2;association
rs4784227  ;3;association
rs492146;13;association
rs4951011  ;2;association
rs4958847;9;Increased risk
rs4973768  ;2;association
rs4980383  ;2;association
rs535066;11;association
rs537626   ;5;association
rs554219   ;2;association
rs55670112;11;association
rs56069439 ;3;association
rs614367   ;2;association
rs61670327;13;association
rs62355902 ;2;association
rs6472903  ;2;association
rs6504950  ;2;association
rs653465   ;5;association
rs6585202  ;2;association
rs6601764;10;increased risk
rs6678914  ;2;association
rs66823261 ;3;association
rs6732655;11;association
rs6762644  ;2;association
rs6828523  ;2;association
rs6908425;10;increased risk
rs704010   ;2;association
rs7072776  ;2;association
rs7076156;10;risk factor
rs72698613;13;association
rs72700966;13;association
rs72755295 ;2;association
rs72823592;12;association
rs7539542;2;decreased risk
rs7587026;17;association
rs75915166 ;2;association
rs771390;12;association
rs7726159  ;3;association
rs7726354  ;5;association
rs7753394;9;risk factor
rs7807268;10;risk factor
rs7904519  ;2;association
rs8111071;9;risk factor
rs9383938  ;2;association
rs9397437  ;2;association
rs941764   ;2;association
rs9469220;10;risk factor
rs9693444  ;2;association
rs9790517  ;2;association
rs997669;2;association
rs999737   ;4;association
